{
  "project_info": {
    "project_number": "1013920508519",
    "firebase_url": "https://fir-prueba-6924a-default-rtdb.firebaseio.com",
    "project_id": "fir-prueba-6924a",
    "storage_bucket": "fir-prueba-6924a.firebasestorage.app"
  },
  "client": [
    {
      "client_info": {
        "mobilesdk_app_id": "1:1013920508519:android:039387d4229abff15a02c2",
        "android_client_info": {
          "package_name": "ust.etetech.secondtry"
        }
      },
      "oauth_client": [],
      "api_key": [
        {
          "current_key": "AIzaSyBZ86AiA7uBqa-cZdBmbLbYQteNPRLjmRQ"
        }
      ],
      "services": {
        "appinvite_service": {
          "other_platform_oauth_client": []
        }
      }
    }
  ],
  "configuration_version": "1"
}